"scenario","model","fdr_adj_mean","fdr_adj_sd","fdr_adj_lo95","fdr_adj_hi95","fdr_raw_mean","fdr_raw_sd","fdr_raw_lo95","fdr_raw_hi95","fpr_adj_mean","fpr_adj_sd","fpr_adj_lo95","fpr_adj_hi95","fpr_raw_mean","fpr_raw_sd","fpr_raw_lo95","fpr_raw_hi95","power_adj_mean","power_adj_sd","power_adj_lo95","power_adj_hi95","power_raw_mean","power_raw_sd","power_raw_lo95","power_raw_hi95","bias_mean","bias_sd","bias_lo95","bias_hi95","rmse_mean","rmse_sd","rmse_lo95","rmse_hi95","ci_coverage_mean","ci_coverage_sd","ci_coverage_lo95","ci_coverage_hi95","n_seeds"
"null","dream_blind",1,0,1,1,1,0,1,1,0.00264497844537925,0.00271506029818193,0,0.0079,0.0830632448970904,0.0118138511450788,0.0592,0.1018,NA,NA,NA,NA,NA,NA,NA,NA,NA,NA,NA,NA,NA,NA,NA,NA,NA,NA,NA,NA,45
"null","dream_napari",1,0,1,1,1,0,1,1,0.00246038050086195,0.00258894258159725,0,0.00955,0.0793605703195673,0.0116467052449286,0.053225,0.10055,NA,NA,NA,NA,NA,NA,NA,NA,NA,NA,NA,NA,NA,NA,NA,NA,NA,NA,NA,NA,50
"null","dream_quint",1,0,1,1,1,0,1,1,0.00246038050086195,0.00258894258159725,0,0.00955,0.0793605703195673,0.0116467052449286,0.053225,0.10055,NA,NA,NA,NA,NA,NA,NA,NA,NA,NA,NA,NA,NA,NA,NA,NA,NA,NA,NA,NA,50
"null","seurat_blind",1,0,1,1,1,0,1,1,0.66724,0.0199648262129748,0.631025,0.7083,0.82062,0.0134693756957274,0.800675,0.848325,NA,NA,NA,NA,NA,NA,NA,NA,NA,NA,NA,NA,NA,NA,NA,NA,NA,NA,NA,NA,50
"null","seurat_napari",1,0,1,1,1,0,1,1,0.6665,0.017912770498691,0.632675,0.698975,0.819,0.0139122615130741,0.79235,0.84255,NA,NA,NA,NA,NA,NA,NA,NA,NA,NA,NA,NA,NA,NA,NA,NA,NA,NA,NA,NA,50
"null","seurat_quint",1,0,1,1,1,0,1,1,0.6665,0.017912770498691,0.632675,0.698975,0.819,0.0139122615130741,0.79235,0.84255,NA,NA,NA,NA,NA,NA,NA,NA,NA,NA,NA,NA,NA,NA,NA,NA,NA,NA,NA,NA,50
"null","wilcoxon",1,0,1,1,1,0,1,1,0.6668,0.0199897933139563,0.635,0.71065,0.82116,0.0134382336059833,0.800225,0.84555,NA,NA,NA,NA,NA,NA,NA,NA,NA,NA,NA,NA,NA,NA,NA,NA,NA,NA,NA,NA,50
"null","deseq2_pb",1,0,1,1,1,0,1,1,0.000921062305876752,0.00124416190047195,0,0.00378324351812954,0.0770322183087175,0.00891205613215121,0.064,0.09365,NA,NA,NA,NA,NA,NA,NA,NA,NA,NA,NA,NA,NA,NA,NA,NA,NA,NA,NA,NA,50
"shared","dream_blind",0.342410322934188,0.0795153356490953,0.190983606557377,0.460205992509363,0.569463206446926,0.0365040848402158,0.493650793650794,0.619433198380567,0.0547998942936331,0.0185255271513011,0.0242222222222222,0.0876529477196885,0.144686242085006,0.02038780641789,0.104913607712273,0.178666666666667,0.909795918367347,0.0305838870920598,0.85,0.958,0.973061224489796,0.0163559471386625,0.94,1,-0.215267259001791,0.0259897117468209,-0.259660368906901,-0.168245373143641,0.362466265583799,0.0282595055504394,0.309398106083983,0.420562467433208,0.568571428571429,0.0484338036224013,0.474,0.64,49
"shared","dream_napari",0.336731184744768,0.0812225269121939,0.199097159524967,0.456816189362946,0.562856497953189,0.0403235638149919,0.463080706068324,0.622607763753275,0.0535072869054373,0.0187956126485077,0.0266666666666667,0.0878534482758621,0.141204321940378,0.0219064663687341,0.0930258620689655,0.176210326288469,0.909389898989899,0.0296376896953732,0.85225,0.95775,0.9734,0.0161131205252498,0.94225,1,-0.2212747799023,0.0260923846678493,-0.264315159181658,-0.174741252199639,0.363448681819203,0.028399417326852,0.310623956179802,0.422213058911853,0.559113131313131,0.0510087367329822,0.4645,0.63775,50
"shared","dream_quint",0.336731184744768,0.0812225269121939,0.199097159524967,0.456816189362946,0.562856497953189,0.0403235638149919,0.463080706068324,0.622607763753275,0.0535072869054373,0.0187956126485077,0.0266666666666667,0.0878534482758621,0.141204321940378,0.0219064663687341,0.0930258620689655,0.176210326288469,0.909389898989899,0.0296376896953732,0.85225,0.95775,0.9734,0.0161131205252498,0.94225,1,-0.2212747799023,0.0260923846678493,-0.264315159181658,-0.174741252199639,0.363448681819203,0.028399417326852,0.310623956179802,0.422213058911853,0.559113131313131,0.0510087367329822,0.4645,0.63775,50
"shared","seurat_blind",0.8711190346363,0.00455614125743657,0.861262298814072,0.879698403229101,0.886623601907667,0.0021722119665767,0.882476925196308,0.890926285319562,0.745866666666667,0.030194665307818,0.689777777777778,0.806527777777778,0.866088888888889,0.0172924688364053,0.834333333333333,0.89925,0.9918,0.00849729849026461,0.98,1,0.9964,0.00562791874388349,0.98225,1,-0.0971637061223072,0.0436051738456592,-0.167001786689319,-0.0186217844610478,0.230179255704605,0.101086730634537,0.169528903945698,0.580033935251141,NA,NA,NA,NA,50
"shared","seurat_napari",0.871512211725914,0.00465133610198939,0.861795082247529,0.880860357554244,0.886528116937034,0.00236855242346223,0.88252221909601,0.891873809297009,0.748222222222222,0.0306969517552599,0.692861111111111,0.807527777777778,0.865866666666667,0.0196531270250932,0.834694444444444,0.910944444444444,0.9914,0.00857380919321353,0.98,1,0.997,0.00543983793275994,0.98225,1,-0.0971637061223072,0.0436051738456592,-0.167001786689319,-0.0186217844610478,0.230179255704605,0.101086730634537,0.169528903945698,0.580033935251141,NA,NA,NA,NA,50
"shared","seurat_quint",0.871512211725914,0.00465133610198939,0.861795082247529,0.880860357554244,0.886528116937034,0.00236855242346223,0.88252221909601,0.891873809297009,0.748222222222222,0.0306969517552599,0.692861111111111,0.807527777777778,0.865866666666667,0.0196531270250932,0.834694444444444,0.910944444444444,0.9914,0.00857380919321353,0.98,1,0.997,0.00543983793275994,0.98225,1,-0.0971637061223072,0.0436051738456592,-0.167001786689319,-0.0186217844610478,0.230179255704605,0.101086730634537,0.169528903945698,0.580033935251141,NA,NA,NA,NA,50
"shared","wilcoxon",0.867904510482618,0.00434229574499168,0.86013986013986,0.87515762925599,0.885026347389792,0.00203407069064945,0.881016132976884,0.889699642558861,0.723844444444444,0.0265570403478681,0.68075,0.775416666666667,0.852133333333333,0.0159487716046299,0.821,0.887277777777778,0.9904,0.00856189946501241,0.97225,1,0.996,0.00571428571428572,0.98225,1,-0.0971637061223072,0.0436051738456592,-0.167001786689319,-0.0186217844610478,0.230179255704605,0.101086730634537,0.169528903945698,0.580033935251141,NA,NA,NA,NA,50
"shared","deseq2_pb",0.164016038240421,0.03725416743375,0.0850378787878788,0.223831105414149,0.463903016080101,0.0289859521961864,0.401741396724623,0.512982387666488,0.0219358744746645,0.00597901946933842,0.0102555679287305,0.0320557413600892,0.0965394225674562,0.0111026038468644,0.0744444444444444,0.117142733134921,0.992993939393939,0.00737346232293127,0.98,1,0.997,0.00505076272276106,0.99,1,-0.0534087568632064,0.0276268003187898,-0.0927058240949101,0.0150368861088963,0.229335201953042,0.153731149859599,0.163100985461064,0.697466320921848,0.862969696969697,0.0319091963296571,0.81,0.92775,50
"region_specific","dream_blind",0.32319428873819,0.1119551596605,0.0981003039513678,0.542250512645249,0.549050352130909,0.0533019196525452,0.448690388848129,0.641864555334814,0.0176282806461798,0.0102249601319447,0.00272222222222222,0.0425933444568038,0.106495198464901,0.0211183081143529,0.07025,0.142130144605117,0.3022,0.0709782950439565,0.15675,0.42325,0.7706,0.0391965221281018,0.71,0.84775,-1.05361777870322,0.0202369769086563,-1.09276821747015,-1.0175245815912,1.07503507719219,0.0202824509103956,1.04000634373772,1.11352614148798,6e-04,0.00239897937482095,0,0.01,50
"region_specific","dream_napari",0.30518778089376,0.117947698046129,0.0771618625277162,0.548238380809595,0.553110860285155,0.0562521110508329,0.451046153846154,0.657370344295819,0.0120722877705068,0.00862084331813636,0.00111111111111111,0.0346174568965517,0.0967698906930943,0.0197956129616001,0.0632222222222222,0.133342602892102,0.220830303030303,0.079405405706578,0.1,0.36775,0.689517171717172,0.0571845879732483,0.54675,0.7755,-1.10343414848474,0.0262005380815131,-1.15436332519391,-1.06238362112149,1.12262276050622,0.0251457535423459,1.08339661324528,1.17127571449896,0,0,0,0,50
"region_specific","dream_quint",0.30518778089376,0.117947698046129,0.0771618625277162,0.548238380809595,0.553110860285155,0.0562521110508329,0.451046153846154,0.657370344295819,0.0120722877705068,0.00862084331813636,0.00111111111111111,0.0346174568965517,0.0967698906930943,0.0197956129616001,0.0632222222222222,0.133342602892102,0.220830303030303,0.079405405706578,0.1,0.36775,0.689517171717172,0.0571845879732483,0.54675,0.7755,-1.10343414848474,0.0262005380815131,-1.15436332519391,-1.06238362112149,1.12262276050622,0.0251457535423459,1.08339661324528,1.17127571449896,0,0,0,0,50
"region_specific","dream_interaction",0.395166317497245,0.0744416714399473,0.242607472880675,0.491480785296575,0.604146783318476,0.0331512876470533,0.552036199095023,0.648516604010025,0.0735546952964593,0.0212212259924899,0.0354444444444444,0.10422030651341,0.168933886836786,0.0222846762351267,0.134694444444444,0.204555555555556,0.978,0.0151185789203691,0.95,1,0.9854,0.0135842045127751,0.96,1,-0.336116932910705,0.0338936984492994,-0.394323092014266,-0.278234702217318,0.508143335469164,0.0448352415794102,0.430877061384178,0.605365207705974,0.568,0.0491146098219174,0.4745,0.65775,50
"region_specific","seurat_blind",0.866375130068144,0.00437814115716812,0.857979133530657,0.87393800259675,0.884395851067884,0.00217429007033476,0.879292613710328,0.8886058353546,0.700844444444444,0.0222568437786255,0.661361111111111,0.742222222222222,0.8412,0.0144345684011748,0.809416666666667,0.867527777777778,0.972,0.0160356745147455,0.94,0.99775,0.9894,0.0134634804609525,0.96225,1,-0.866301218381689,0.048242129903318,-0.932204159328829,-0.776678768404613,0.907621277572884,0.0601697990598908,0.812192504790923,1.05292829010073,NA,NA,NA,NA,50
"region_specific","seurat_napari",0.866858818137179,0.00458675023344013,0.857442185650161,0.87452661757113,0.884277327438627,0.00246685085062007,0.879872544272274,0.889050428088399,0.691711111111111,0.0202008184552889,0.65125,0.72825,0.835511111111111,0.0149374440946106,0.811111111111111,0.863805555555555,0.9554,0.0188668806026187,0.93,0.9955,0.9838,0.0142699913476226,0.95,1,-0.866301218381689,0.048242129903318,-0.932204159328829,-0.776678768404613,0.907621277572884,0.0601697990598908,0.812192504790923,1.05292829010073,NA,NA,NA,NA,50
"region_specific","seurat_quint",0.866858818137179,0.00458675023344013,0.857442185650161,0.87452661757113,0.884277327438627,0.00246685085062007,0.879872544272274,0.889050428088399,0.691711111111111,0.0202008184552889,0.65125,0.72825,0.835511111111111,0.0149374440946106,0.811111111111111,0.863805555555555,0.9554,0.0188668806026187,0.93,0.9955,0.9838,0.0142699913476226,0.95,1,-0.866301218381689,0.048242129903318,-0.932204159328829,-0.776678768404613,0.907621277572884,0.0601697990598908,0.812192504790923,1.05292829010073,NA,NA,NA,NA,50
"region_specific","wilcoxon",0.867304284129708,0.00453043129655192,0.860259430050095,0.876444898579696,0.884356321928398,0.00247150610771441,0.879438059860734,0.889293064174063,0.695577777777778,0.0215867063409997,0.657777777777778,0.735666666666667,0.836688888888889,0.0153918990646157,0.8105,0.866777777777778,0.957,0.0190862703084105,0.92,0.99,0.9844,0.0131179888951417,0.96225,1,-0.866301218381689,0.048242129903318,-0.932204159328829,-0.776678768404613,0.907621277572884,0.0601697990598908,0.812192504790923,1.05292829010073,NA,NA,NA,NA,50
"region_specific","deseq2_pb",0.164237203395395,0.040290988548839,0.0918367346938776,0.231875,0.466701327738028,0.0284204753204291,0.403959627329193,0.520408163265306,0.0202674254075888,0.00613998225397605,0.0100050111358575,0.0318057413600892,0.0951597134696399,0.0108607397717555,0.0729722222222222,0.113725446428571,0.912555102040816,0.0305288114715027,0.86225,0.96,0.972179591836735,0.0203561786892536,0.94,1,-0.792958696213646,0.0338090488589624,-0.837375310712593,-0.709600372258319,0.852173776212336,0.0884155565474634,0.780884932970116,1.14423872827294,0.0162040816326531,0.0096632168177565,0,0.03775,50
"interaction","dream_blind",0.437854543023965,0.183559048480501,0.0375,0.798823051948052,0.633391777857134,0.060758349083071,0.528327294265208,0.727012159814708,0.0115156369129658,0.00922856750394688,0.00025,0.0378888888888889,0.100670256951894,0.0205057062869904,0.0669166666666667,0.135916666666667,0.1158,0.0498196748283246,0.02225,0.2,0.5118,0.0571317846415332,0.43,0.60775,-1.22565068613487,0.0219666174104287,-1.25664974195405,-1.18079413463014,1.23915228454112,0.0219802915069712,1.1953146242614,1.27024513345927,0,0,0,0,50
"interaction","dream_napari",0.405065494019718,0.162387970662268,0.0391304347826087,0.705392156862745,0.637628450468453,0.0639272366977636,0.517244680851064,0.752516233766234,0.00811410374033234,0.00639192803642201,0.00025,0.0254166666666667,0.0922675374408971,0.0193942368035629,0.0545833333333333,0.127888888888889,0.0942,0.0454945612358314,0.02,0.18,0.4598,0.0562606905940769,0.33125,0.54775,-1.24947417162114,0.0256257365145603,-1.28144604615045,-1.20270344248273,1.26332344735924,0.0251448109121549,1.21660863205167,1.29407154634262,0,0,0,0,50
"interaction","dream_quint",0.405065494019718,0.162387970662268,0.0391304347826087,0.705392156862745,0.637628450468453,0.0639272366977636,0.517244680851064,0.752516233766234,0.00811410374033234,0.00639192803642201,0.00025,0.0254166666666667,0.0922675374408971,0.0193942368035629,0.0545833333333333,0.127888888888889,0.0942,0.0454945612358314,0.02,0.18,0.4598,0.0562606905940769,0.33125,0.54775,-1.24947417162114,0.0256257365145603,-1.28144604615045,-1.20270344248273,1.26332344735924,0.0251448109121549,1.21660863205167,1.29407154634262,0,0,0,0,50
"interaction","dream_interaction",0.37452430285314,0.0947326711117459,0.152835723598435,0.493726330738481,0.588057290567847,0.053730930116606,0.456521739130435,0.65267807327506,0.0686844936728896,0.0247100480239199,0.0200050055617353,0.107277777777778,0.16044020266132,0.0311546336644211,0.0934371523915462,0.205555555555556,0.9784,0.0170664965977921,0.9345,1,0.9868,0.0130054933448469,0.96,1,-0.32264865461655,0.041836880989939,-0.374089060382926,-0.217591009121618,0.500896018118607,0.0470172030779841,0.407950743025727,0.596747769858744,0.5556,0.0577171144992752,0.449,0.67,50
"interaction","seurat_blind",0.872767886374592,0.00600687592408104,0.863296146044625,0.881985120486538,0.886673830219929,0.00333892514536789,0.881998186472618,0.893803434601425,0.691755555555556,0.0200981341477439,0.652722222222222,0.725916666666667,0.834133333333333,0.0148580924944098,0.808027777777778,0.857527777777778,0.9068,0.0319080311047171,0.85225,0.9655,0.9592,0.0223003614869575,0.91225,0.99775,-0.957768712003128,0.0491952641493273,-1.02666826508738,-0.866679060485814,0.99523000543652,0.0531234104187863,0.905417354191872,1.1080618433081,NA,NA,NA,NA,50
"interaction","seurat_napari",0.88112520187938,0.00698981607402022,0.867517640902811,0.894997806684896,0.890158203880251,0.00368324498230588,0.884394312510362,0.897752835920657,0.680577777777778,0.0205581477804118,0.640888888888889,0.713083333333333,0.83,0.0136507936507936,0.805194444444444,0.854805555555555,0.8258,0.044634113429446,0.73225,0.9,0.9216,0.0293020860161518,0.86225,0.97,-0.957768712003128,0.0491952641493273,-1.02666826508738,-0.866679060485814,0.99523000543652,0.0531234104187863,0.905417354191872,1.1080618433081,NA,NA,NA,NA,50
"interaction","seurat_quint",0.88112520187938,0.00698981607402022,0.867517640902811,0.894997806684896,0.890158203880251,0.00368324498230588,0.884394312510362,0.897752835920657,0.680577777777778,0.0205581477804118,0.640888888888889,0.713083333333333,0.83,0.0136507936507936,0.805194444444444,0.854805555555555,0.8258,0.044634113429446,0.73225,0.9,0.9216,0.0293020860161518,0.86225,0.97,-0.957768712003128,0.0491952641493273,-1.02666826508738,-0.866679060485814,0.99523000543652,0.0531234104187863,0.905417354191872,1.1080618433081,NA,NA,NA,NA,50
"interaction","wilcoxon",0.880108907617438,0.00748471356830248,0.867458827746232,0.894158392980836,0.889793039759864,0.00355462821211526,0.884028516286581,0.897521628648934,0.688955555555556,0.0197558925003596,0.65025,0.71975,0.833288888888889,0.0151418255280696,0.804944444444444,0.860361111111111,0.844,0.0466860989667663,0.75225,0.92,0.9286,0.025475878947806,0.88,0.97,-0.957768712003128,0.0491952641493273,-1.02666826508738,-0.866679060485814,0.99523000543652,0.0531234104187863,0.905417354191872,1.1080618433081,NA,NA,NA,NA,50
"interaction","deseq2_pb",0.168807994696135,0.0441899964805437,0.0820438218390805,0.24170758751782,0.475890899772271,0.0285271722220444,0.409557107251652,0.522757448186528,0.0190440640243421,0.00623232019595745,0.00778167532788914,0.0306917502787068,0.0946481564817781,0.0110472320515297,0.0718611111111111,0.112027901509527,0.8262,0.0447163395238045,0.73225,0.91,0.9314,0.0280677024062773,0.88,0.98,-0.880082843587508,0.0357100166706773,-0.929394184501378,-0.804758751301624,0.936000546000335,0.0717993963780851,0.865633509467231,1.13555618653926,0.0108,0.00899886614172778,0,0.03,50
