"fdr_adj","fdr_raw","fpr_adj","fpr_raw","power_adj","power_raw","bias","rmse","ci_coverage","n_genes_scored","n_true_de","scenario","seed","model"
1,1,0.009,0.053,NA,NA,NA,NA,NA,1000,0,"null","1","stratified_combined"
1,1,0.019,0.062,NA,NA,NA,NA,NA,1000,0,"null","10","stratified_combined"
1,1,0.003003003003003,0.042042042042042,NA,NA,NA,NA,NA,999,0,"null","11","stratified_combined"
1,1,0.006,0.063,NA,NA,NA,NA,NA,1000,0,"null","12","stratified_combined"
1,1,0.00700700700700701,0.0580580580580581,NA,NA,NA,NA,NA,999,0,"null","13","stratified_combined"
1,1,0.01,0.056,NA,NA,NA,NA,NA,1000,0,"null","14","stratified_combined"
1,1,0.012,0.06,NA,NA,NA,NA,NA,1000,0,"null","15","stratified_combined"
1,1,0.00800800800800801,0.0640640640640641,NA,NA,NA,NA,NA,999,0,"null","16","stratified_combined"
1,1,0.015,0.065,NA,NA,NA,NA,NA,1000,0,"null","17","stratified_combined"
1,1,0.014,0.067,NA,NA,NA,NA,NA,1000,0,"null","18","stratified_combined"
1,1,0.00800800800800801,0.0620620620620621,NA,NA,NA,NA,NA,999,0,"null","19","stratified_combined"
1,1,0.009,0.076,NA,NA,NA,NA,NA,1000,0,"null","2","stratified_combined"
1,1,0.017,0.066,NA,NA,NA,NA,NA,1000,0,"null","20","stratified_combined"
1,1,0.01,0.063,NA,NA,NA,NA,NA,1000,0,"null","21","stratified_combined"
1,1,0.001,0.056,NA,NA,NA,NA,NA,1000,0,"null","22","stratified_combined"
1,1,0.016,0.047,NA,NA,NA,NA,NA,1000,0,"null","23","stratified_combined"
1,1,0.007,0.056,NA,NA,NA,NA,NA,1000,0,"null","24","stratified_combined"
1,1,0.014,0.067,NA,NA,NA,NA,NA,1000,0,"null","25","stratified_combined"
1,1,0.01,0.052,NA,NA,NA,NA,NA,1000,0,"null","26","stratified_combined"
1,1,0.007,0.057,NA,NA,NA,NA,NA,1000,0,"null","27","stratified_combined"
1,1,0.018,0.062,NA,NA,NA,NA,NA,1000,0,"null","28","stratified_combined"
1,1,0.0100200400801603,0.0831663326653307,NA,NA,NA,NA,NA,998,0,"null","29","stratified_combined"
1,1,0.017,0.062,NA,NA,NA,NA,NA,1000,0,"null","3","stratified_combined"
1,1,0.007,0.063,NA,NA,NA,NA,NA,1000,0,"null","30","stratified_combined"
1,1,0.013,0.068,NA,NA,NA,NA,NA,1000,0,"null","31","stratified_combined"
1,1,0.009,0.059,NA,NA,NA,NA,NA,1000,0,"null","32","stratified_combined"
1,1,0.001,0.056,NA,NA,NA,NA,NA,1000,0,"null","33","stratified_combined"
1,1,0.012,0.047,NA,NA,NA,NA,NA,1000,0,"null","34","stratified_combined"
1,1,0.012,0.063,NA,NA,NA,NA,NA,1000,0,"null","35","stratified_combined"
1,1,0.00900900900900901,0.0520520520520521,NA,NA,NA,NA,NA,999,0,"null","36","stratified_combined"
1,1,0.009,0.052,NA,NA,NA,NA,NA,1000,0,"null","37","stratified_combined"
1,1,0.015,0.065,NA,NA,NA,NA,NA,1000,0,"null","38","stratified_combined"
1,1,0.003,0.038,NA,NA,NA,NA,NA,1000,0,"null","39","stratified_combined"
1,1,0.003,0.046,NA,NA,NA,NA,NA,1000,0,"null","4","stratified_combined"
1,1,0.016,0.062,NA,NA,NA,NA,NA,1000,0,"null","40","stratified_combined"
1,1,0.011,0.058,NA,NA,NA,NA,NA,1000,0,"null","41","stratified_combined"
1,1,0.014,0.074,NA,NA,NA,NA,NA,1000,0,"null","42","stratified_combined"
1,1,0.008,0.05,NA,NA,NA,NA,NA,1000,0,"null","43","stratified_combined"
1,1,0.0140280561122244,0.0801603206412826,NA,NA,NA,NA,NA,998,0,"null","44","stratified_combined"
1,1,0.009,0.069,NA,NA,NA,NA,NA,1000,0,"null","45","stratified_combined"
1,1,0.009,0.067,NA,NA,NA,NA,NA,1000,0,"null","46","stratified_combined"
1,1,0.00800800800800801,0.0540540540540541,NA,NA,NA,NA,NA,999,0,"null","47","stratified_combined"
1,1,0.011,0.069,NA,NA,NA,NA,NA,1000,0,"null","48","stratified_combined"
1,1,0.019,0.065,NA,NA,NA,NA,NA,1000,0,"null","49","stratified_combined"
1,1,0.011,0.051,NA,NA,NA,NA,NA,1000,0,"null","5","stratified_combined"
1,1,0.012012012012012,0.0690690690690691,NA,NA,NA,NA,NA,999,0,"null","50","stratified_combined"
1,1,0.00700700700700701,0.0510510510510511,NA,NA,NA,NA,NA,999,0,"null","6","stratified_combined"
1,1,0.003003003003003,0.0530530530530531,NA,NA,NA,NA,NA,999,0,"null","7","stratified_combined"
1,1,0.005005005005005,0.0530530530530531,NA,NA,NA,NA,NA,999,0,"null","8","stratified_combined"
1,1,0.011,0.058,NA,NA,NA,NA,NA,1000,0,"null","9","stratified_combined"
0.377622377622378,0.49740932642487,0.06,0.106666666666667,0.89,0.97,-0.00236692784645739,0.384969125159991,NA,1000,100,"shared","1","stratified_combined"
0.236842105263158,0.432926829268293,0.03,0.0788888888888889,0.87,0.93,-0.107451595283612,0.451687558330427,NA,1000,100,"shared","10","stratified_combined"
0.35,0.489583333333333,0.0544444444444444,0.104444444444444,0.91,0.98,0.00779338422658277,0.459768644797493,NA,1000,100,"shared","11","stratified_combined"
0.442953020134228,0.570093457943925,0.0733333333333333,0.135555555555556,0.83,0.92,-0.117511118265388,0.49417919421057,NA,1000,100,"shared","12","stratified_combined"
0.307692307692308,0.459459459459459,0.0444938820912125,0.0945494994438265,0.9,1,-0.0890587358178757,0.42833177560857,NA,999,100,"shared","13","stratified_combined"
0.333333333333333,0.492307692307692,0.0488888888888889,0.106666666666667,0.88,0.99,-0.0473848247719561,0.387884661728102,NA,1000,100,"shared","14","stratified_combined"
0.222222222222222,0.425149700598802,0.0266666666666667,0.0788888888888889,0.84,0.96,0.0123012675020783,0.511875485229257,NA,1000,100,"shared","15","stratified_combined"
0.377622377622378,0.547169811320755,0.0600667408231368,0.129032258064516,0.89,0.96,-0.058906009413532,0.401709862070591,NA,999,100,"shared","16","stratified_combined"
0.37593984962406,0.494623655913978,0.0555555555555556,0.102222222222222,0.83,0.94,-0.0563770998730875,0.460414408961004,NA,1000,100,"shared","17","stratified_combined"
0.452229299363057,0.570093457943925,0.0788888888888889,0.135555555555556,0.86,0.92,-0.109935915321997,0.46338996013172,NA,1000,100,"shared","18","stratified_combined"
0.184210526315789,0.392638036809816,0.0233592880978865,0.0711902113459399,0.93,0.99,-0.0384555562566629,0.427090745394199,NA,999,100,"shared","19","stratified_combined"
0.375,0.547169811320755,0.06,0.128888888888889,0.9,0.96,-0.0489857538829671,0.488669449887457,NA,1000,100,"shared","2","stratified_combined"
0.455696202531646,0.558139534883721,0.08,0.133333333333333,0.86,0.95,-0.00247761551440944,0.460220941786948,NA,1000,100,"shared","20","stratified_combined"
0.338028169014085,0.49740932642487,0.0533333333333333,0.106666666666667,0.94,0.97,-0.0183721982322289,0.439250545578828,NA,1000,100,"shared","21","stratified_combined"
0.336,0.49468085106383,0.0466666666666667,0.103333333333333,0.83,0.95,-0.105565375691269,0.420475108143938,NA,1000,100,"shared","22","stratified_combined"
0.307086614173228,0.44,0.0433333333333333,0.0855555555555556,0.88,0.98,-0.0390146261016413,0.404574455544785,NA,1000,100,"shared","23","stratified_combined"
0.300751879699248,0.479166666666667,0.0444444444444444,0.102222222222222,0.93,1,-0.13115532513912,0.427802353067198,NA,1000,100,"shared","24","stratified_combined"
0.406451612903226,0.531707317073171,0.07,0.121111111111111,0.92,0.96,-0.0326496181906845,0.432204547374522,NA,1000,100,"shared","25","stratified_combined"
0.415584415584416,0.526829268292683,0.0711111111111111,0.12,0.9,0.97,-0.0296936453487752,0.422621106697494,NA,1000,100,"shared","26","stratified_combined"
0.3,0.461538461538462,0.0433333333333333,0.0933333333333333,0.91,0.98,-0.070027470715274,0.40418343554423,NA,1000,100,"shared","27","stratified_combined"
0.275590551181102,0.474860335195531,0.0388888888888889,0.0944444444444444,0.92,0.94,-0.0296254500405733,0.482988520943802,NA,1000,100,"shared","28","stratified_combined"
0.425806451612903,0.519607843137255,0.0734149054505006,0.117908787541713,0.89,0.98,0.0332429120466788,0.462879690658221,NA,999,100,"shared","29","stratified_combined"
0.392156862745098,0.50253807106599,0.0666666666666667,0.11,0.93,0.98,-0.00246675574833462,0.390778103257916,NA,1000,100,"shared","3","stratified_combined"
0.347517730496454,0.51,0.0544444444444444,0.113333333333333,0.92,0.98,-0.0580759809321972,0.479596265543717,NA,1000,100,"shared","30","stratified_combined"
0.390728476821192,0.486910994764398,0.0655555555555556,0.103333333333333,0.92,0.98,-0.0614669927399898,0.420574988282405,NA,1000,100,"shared","31","stratified_combined"
0.381294964028777,0.515151515151515,0.0588888888888889,0.113333333333333,0.86,0.96,-0.0741442826466064,0.373186400481213,NA,1000,100,"shared","32","stratified_combined"
0.205357142857143,0.439306358381503,0.0255555555555556,0.0844444444444444,0.89,0.97,-0.071141154396675,0.401195942755326,NA,1000,100,"shared","33","stratified_combined"
0.340579710144928,0.517587939698492,0.0522222222222222,0.114444444444444,0.91,0.96,-0.016537789914793,0.483316558094437,NA,1000,100,"shared","34","stratified_combined"
0.425806451612903,0.542452830188679,0.0733333333333333,0.127777777777778,0.89,0.97,0.0450302315996486,0.436176532366282,NA,1000,100,"shared","35","stratified_combined"
0.377777777777778,0.536231884057971,0.0567296996662959,0.123470522803115,0.84,0.96,-0.0586585215751828,0.422275060462283,NA,999,100,"shared","36","stratified_combined"
0.395348837209302,0.478260869565217,0.0566666666666667,0.0977777777777778,0.78,0.96,-0.0562449425933137,0.449297298242085,NA,1000,100,"shared","37","stratified_combined"
0.494186046511628,0.589958158995816,0.0944444444444444,0.156666666666667,0.87,0.98,-0.121243039715573,0.468834964435183,NA,1000,100,"shared","38","stratified_combined"
0.154545454545455,0.418604651162791,0.0188888888888889,0.08,0.93,1,-0.00203972716040589,0.484475707469514,NA,1000,100,"shared","39","stratified_combined"
0.239316239316239,0.443181818181818,0.0311111111111111,0.0866666666666667,0.89,0.98,0.0246462894134659,0.396870850461028,NA,1000,100,"shared","4","stratified_combined"
0.377777777777778,0.522167487684729,0.0566666666666667,0.117777777777778,0.84,0.97,0.0277395947839295,0.407190768499358,NA,1000,100,"shared","40","stratified_combined"
0.328125,0.517948717948718,0.0466666666666667,0.112222222222222,0.86,0.94,-0.0972715230321661,0.469254073271682,NA,1000,100,"shared","41","stratified_combined"
0.247933884297521,0.420118343195266,0.0333333333333333,0.0788888888888889,0.91,0.98,-0.101971578860524,0.455700506033176,NA,1000,100,"shared","42","stratified_combined"
0.33587786259542,0.45,0.0488888888888889,0.09,0.87,0.99,-0.040900425457478,0.48523733903285,NA,1000,100,"shared","43","stratified_combined"
0.422818791946309,0.52020202020202,0.0700778642936596,0.114571746384872,0.86,0.95,-0.057073416590182,0.456405640576118,NA,999,100,"shared","44","stratified_combined"
0.43125,0.566371681415929,0.0766666666666667,0.142222222222222,0.91,0.98,0.0164942154192938,0.435422134807757,NA,1000,100,"shared","45","stratified_combined"
0.385135135135135,0.533980582524272,0.0633333333333333,0.122222222222222,0.91,0.96,-0.0329132350927383,0.475325478790565,NA,1000,100,"shared","46","stratified_combined"
0.23728813559322,0.466666666666667,0.0311457174638487,0.0934371523915462,0.9,0.96,-0.0547896982343255,0.438195493368931,NA,999,100,"shared","47","stratified_combined"
0.464705882352941,0.563876651982379,0.0877777777777778,0.142222222222222,0.91,0.99,0.0365985167696025,0.386484333700352,NA,1000,100,"shared","48","stratified_combined"
0.330827067669173,0.517412935323383,0.0488888888888889,0.115555555555556,0.89,0.97,-0.0704751248230177,0.443320708510401,NA,1000,100,"shared","49","stratified_combined"
0.375886524822695,0.492063492063492,0.0588888888888889,0.103333333333333,0.88,0.96,-0.0405830698814376,0.398555216542414,NA,1000,100,"shared","5","stratified_combined"
0.429487179487179,0.521739130434783,0.0744444444444444,0.12,0.89,0.99,-0.0157590555701408,0.433198206735045,NA,1000,100,"shared","50","stratified_combined"
0.416107382550336,0.533653846153846,0.0688888888888889,0.123333333333333,0.87,0.97,-0.0117318767321871,0.382912609292357,NA,1000,100,"shared","6","stratified_combined"
0.258333333333333,0.437869822485207,0.0344827586206897,0.082313681868743,0.89,0.95,-0.0418876557321988,0.465477131567614,NA,999,100,"shared","7","stratified_combined"
0.371428571428571,0.5,0.0578420467185762,0.109010011123471,0.88,0.98,-0.129433197828816,0.519535318809693,NA,999,100,"shared","8","stratified_combined"
0.205607476635514,0.420118343195266,0.0244444444444444,0.0788888888888889,0.85,0.98,-0.029518585069474,0.441429336268525,NA,1000,100,"shared","9","stratified_combined"
0.321428571428571,0.478947368421053,0.05,0.101111111111111,0.95,0.99,-0.238309414256364,0.452630347988803,NA,1000,100,"region_specific","1","stratified_combined"
0.256410256410256,0.439024390243902,0.0333333333333333,0.08,0.87,0.92,-0.371676728169438,0.610765927369035,NA,1000,100,"region_specific","10","stratified_combined"
0.211382113821138,0.45,0.0288888888888889,0.09,0.97,0.99,-0.282864220842612,0.445025788217652,NA,1000,100,"region_specific","11","stratified_combined"
0.374149659863946,0.50259067357513,0.0611111111111111,0.107777777777778,0.92,0.96,-0.3369094349075,0.57648032819683,NA,1000,100,"region_specific","12","stratified_combined"
0.234782608695652,0.461538461538462,0.0300333704115684,0.0934371523915462,0.88,0.98,-0.313312245005557,0.518450877051498,NA,999,100,"region_specific","13","stratified_combined"
0.289855072463768,0.468085106382979,0.0444444444444444,0.0977777777777778,0.98,1,-0.258431079381459,0.443759760270303,NA,1000,100,"region_specific","14","stratified_combined"
0.2,0.419161676646707,0.0266666666666667,0.0777777777777778,0.96,0.97,-0.308894935980314,0.519083616964791,NA,1000,100,"region_specific","15","stratified_combined"
0.221311475409836,0.5,0.0300333704115684,0.111234705228031,0.95,1,-0.28029632445477,0.468274074259122,NA,999,100,"region_specific","16","stratified_combined"
0.445161290322581,0.555555555555556,0.0766666666666667,0.133333333333333,0.86,0.96,-0.390145478841223,0.572832478936593,NA,1000,100,"region_specific","17","stratified_combined"
0.338129496402878,0.489690721649485,0.0522222222222222,0.105555555555556,0.92,0.99,-0.334991444332921,0.544929138514838,NA,1000,100,"region_specific","18","stratified_combined"
0.213114754098361,0.419161676646707,0.0289210233592881,0.0778642936596218,0.96,0.97,-0.296061323977079,0.498573643414141,NA,999,100,"region_specific","19","stratified_combined"
0.357142857142857,0.55045871559633,0.0555555555555556,0.133333333333333,0.9,0.98,-0.353641060655027,0.573749037268619,NA,1000,100,"region_specific","2","stratified_combined"
0.335664335664336,0.535885167464115,0.0533333333333333,0.124444444444444,0.95,0.97,-0.31335295892924,0.520170632247953,NA,1000,100,"region_specific","20","stratified_combined"
0.340277777777778,0.494845360824742,0.0544444444444444,0.106666666666667,0.95,0.98,-0.286691250112775,0.496025876145105,NA,1000,100,"region_specific","21","stratified_combined"
0.328358208955224,0.483870967741935,0.0488888888888889,0.1,0.9,0.96,-0.294557526999036,0.494151079776226,NA,1000,100,"region_specific","22","stratified_combined"
0.235772357723577,0.390243902439024,0.0322222222222222,0.0711111111111111,0.94,1,-0.267218275169075,0.442720285304533,NA,1000,100,"region_specific","23","stratified_combined"
0.286764705882353,0.478494623655914,0.0433333333333333,0.0988888888888889,0.97,0.97,-0.338240347465519,0.541151240420849,NA,1000,100,"region_specific","24","stratified_combined"
0.2890625,0.491978609625668,0.0411111111111111,0.102222222222222,0.91,0.95,-0.316387893388384,0.530282607212542,NA,1000,100,"region_specific","25","stratified_combined"
0.299270072992701,0.489690721649485,0.0455555555555556,0.105555555555556,0.96,0.99,-0.259139056371837,0.400240406576745,NA,1000,100,"region_specific","26","stratified_combined"
0.326086956521739,0.522388059701492,0.05,0.116666666666667,0.93,0.96,-0.316689330538615,0.520679770828259,NA,1000,100,"region_specific","27","stratified_combined"
0.290076335877863,0.49738219895288,0.0422222222222222,0.105555555555556,0.93,0.96,-0.337991097465297,0.554939337549165,NA,1000,100,"region_specific","28","stratified_combined"
0.342465753424658,0.519417475728155,0.0556173526140156,0.119021134593993,0.96,0.99,-0.277453881722933,0.486180592107291,NA,999,100,"region_specific","29","stratified_combined"
0.295454545454545,0.492146596858639,0.0433333333333333,0.104444444444444,0.93,0.97,-0.297432127814171,0.470351938379762,NA,1000,100,"region_specific","3","stratified_combined"
0.344827586206897,0.51,0.0555555555555556,0.113333333333333,0.95,0.98,-0.352075027915448,0.536722471731482,NA,1000,100,"region_specific","30","stratified_combined"
0.306569343065693,0.51,0.0466666666666667,0.113333333333333,0.95,0.98,-0.330929141788665,0.512513923540377,NA,1000,100,"region_specific","31","stratified_combined"
0.342657342657343,0.492146596858639,0.0544444444444444,0.104444444444444,0.94,0.97,-0.294735978837505,0.479026145540216,NA,1000,100,"region_specific","32","stratified_combined"
0.247933884297521,0.439306358381503,0.0333333333333333,0.0844444444444444,0.91,0.97,-0.310698481004886,0.515251399602452,NA,1000,100,"region_specific","33","stratified_combined"
0.290076335877863,0.469945355191257,0.0422222222222222,0.0955555555555556,0.93,0.97,-0.288956018754594,0.476538338849094,NA,1000,100,"region_specific","34","stratified_combined"
0.328671328671329,0.468085106382979,0.0522222222222222,0.0977777777777778,0.96,1,-0.260865590873614,0.445191904675887,NA,1000,100,"region_specific","35","stratified_combined"
0.333333333333333,0.494897959183673,0.053392658509455,0.10789766407119,0.96,0.99,-0.310080276280845,0.499062158691938,NA,999,100,"region_specific","36","stratified_combined"
0.305970149253731,0.449438202247191,0.0455555555555556,0.0888888888888889,0.93,0.98,-0.325712825117609,0.514126944325041,NA,1000,100,"region_specific","37","stratified_combined"
0.379084967320261,0.51980198019802,0.0644444444444444,0.116666666666667,0.95,0.97,-0.355756303751745,0.582737270148033,NA,1000,100,"region_specific","38","stratified_combined"
0.255639097744361,0.411764705882353,0.0377777777777778,0.0777777777777778,0.99,1,-0.315078645329355,0.487985973062568,NA,1000,100,"region_specific","39","stratified_combined"
0.173913043478261,0.404761904761905,0.0222222222222222,0.0755555555555556,0.95,1,-0.251487139231914,0.423092086496816,NA,1000,100,"region_specific","4","stratified_combined"
0.36551724137931,0.507537688442211,0.0588888888888889,0.112222222222222,0.92,0.98,-0.241908325462473,0.424330329145847,NA,1000,100,"region_specific","40","stratified_combined"
0.296875,0.505263157894737,0.0422222222222222,0.106666666666667,0.9,0.94,-0.359412553356063,0.583917442588719,NA,1000,100,"region_specific","41","stratified_combined"
0.289855072463768,0.452513966480447,0.0444444444444444,0.09,0.98,0.98,-0.375547369851797,0.59163216213398,NA,1000,100,"region_specific","42","stratified_combined"
0.149122807017544,0.357142857142857,0.0188888888888889,0.0611111111111111,0.97,0.99,-0.304332261407285,0.512452353001667,NA,1000,100,"region_specific","43","stratified_combined"
0.370629370629371,0.502487562189055,0.0589543937708565,0.112347052280311,0.9,1,-0.345557905042672,0.508304389525211,NA,999,100,"region_specific","44","stratified_combined"
0.371621621621622,0.565022421524664,0.0611111111111111,0.14,0.93,0.97,-0.284983226670884,0.502196488736439,NA,1000,100,"region_specific","45","stratified_combined"
0.283582089552239,0.489583333333333,0.0422222222222222,0.104444444444444,0.96,0.98,-0.276657504635478,0.50261049496602,NA,1000,100,"region_specific","46","stratified_combined"
0.223140495867769,0.452513966480447,0.0300333704115684,0.0901001112347052,0.94,0.98,-0.357042476641237,0.565329501237484,NA,999,100,"region_specific","47","stratified_combined"
0.425149700598802,0.572649572649573,0.0788888888888889,0.148888888888889,0.96,1,-0.267818297332788,0.41440417733096,NA,1000,100,"region_specific","48","stratified_combined"
0.357615894039735,0.50761421319797,0.06,0.111111111111111,0.97,0.97,-0.312223593103996,0.542367313587483,NA,1000,100,"region_specific","49","stratified_combined"
0.347222222222222,0.494791666666667,0.0555555555555556,0.105555555555556,0.94,0.97,-0.291927558431246,0.467069855256956,NA,1000,100,"region_specific","5","stratified_combined"
0.261538461538462,0.475935828877005,0.0377777777777778,0.0988888888888889,0.96,0.98,-0.276086236970845,0.504356029821595,NA,1000,100,"region_specific","50","stratified_combined"
0.39873417721519,0.519607843137255,0.07,0.117777777777778,0.95,0.98,-0.256763414193306,0.450784265406201,NA,1000,100,"region_specific","6","stratified_combined"
0.172727272727273,0.403726708074534,0.0211345939933259,0.0723025583982203,0.91,0.96,-0.296758909687336,0.494744306693493,NA,999,100,"region_specific","7","stratified_combined"
0.28125,0.455056179775281,0.0400444938820912,0.0901001112347052,0.92,0.97,-0.323137471296869,0.520465022535375,NA,999,100,"region_specific","8","stratified_combined"
0.234234234234234,0.435294117647059,0.0288888888888889,0.0822222222222222,0.85,0.96,-0.308948870779376,0.51816856102407,NA,1000,100,"region_specific","9","stratified_combined"
0.309859154929577,0.492307692307692,0.0488888888888889,0.106666666666667,0.98,0.99,-1.41077044106278,1.98434467958525,NA,1000,100,"interaction","1","stratified_combined"
0.254098360655738,0.480225988700565,0.0344444444444444,0.0944444444444444,0.91,0.92,-1.53374393460861,2.00559072826074,NA,1000,100,"interaction","10","stratified_combined"
0.3125,0.50251256281407,0.05,0.111111111111111,0.99,0.99,-1.70600363811221,2.17997605305081,NA,1000,100,"interaction","11","stratified_combined"
0.40506329113924,0.587234042553191,0.0711111111111111,0.153333333333333,0.94,0.97,-1.59897876721157,2.09325274261906,NA,1000,100,"interaction","12","stratified_combined"
0.413173652694611,0.55,0.0767519466073415,0.134593993325918,0.98,0.99,-1.73437930001004,2.17748539982953,NA,999,100,"interaction","13","stratified_combined"
0.294964028776978,0.507389162561576,0.0455555555555556,0.114444444444444,0.98,1,-1.49266229255503,2.03017492738598,NA,1000,100,"interaction","14","stratified_combined"
0.272058823529412,0.441340782122905,0.0411111111111111,0.0877777777777778,0.99,1,-1.43678662512219,1.97546206268078,NA,1000,100,"interaction","15","stratified_combined"
0.299270072992701,0.5260663507109,0.0456062291434928,0.123470522803115,0.96,1,-1.43187175745377,1.97316461118043,NA,999,100,"interaction","16","stratified_combined"
0.4,0.564814814814815,0.0688888888888889,0.135555555555556,0.93,0.94,-1.52583698616319,2.03314621072958,NA,1000,100,"interaction","17","stratified_combined"
0.394904458598726,0.565789473684211,0.0688888888888889,0.143333333333333,0.95,0.99,-1.68262923934886,2.1560072800029,NA,1000,100,"interaction","18","stratified_combined"
0.238095238095238,0.461111111111111,0.0333704115684093,0.0923248053392658,0.96,0.97,-1.24914943422625,1.81319891263336,NA,999,100,"interaction","19","stratified_combined"
0.407407407407407,0.588235294117647,0.0733333333333333,0.155555555555556,0.96,0.98,-1.54471386928063,2.02920550389497,NA,1000,100,"interaction","2","stratified_combined"
0.379084967320261,0.573275862068966,0.0644444444444444,0.147777777777778,0.95,0.99,-1.70273568544208,2.17702875709754,NA,1000,100,"interaction","20","stratified_combined"
0.352941176470588,0.516908212560386,0.06,0.118888888888889,0.99,1,-1.41494130756919,1.95589852325928,NA,1000,100,"interaction","21","stratified_combined"
0.319148936170213,0.524038461538462,0.05,0.121111111111111,0.96,0.99,-1.49074533822973,2.03835366048062,NA,1000,100,"interaction","22","stratified_combined"
0.261194029850746,0.443820224719101,0.0388888888888889,0.0877777777777778,0.99,0.99,-1.38461094536617,1.9217827763712,NA,1000,100,"interaction","23","stratified_combined"
0.276119402985075,0.489690721649485,0.0411111111111111,0.105555555555556,0.97,0.99,-1.63133044151546,2.10681489534336,NA,1000,100,"interaction","24","stratified_combined"
0.342281879194631,0.521739130434783,0.0566666666666667,0.12,0.98,0.99,-1.61437056918334,2.12324020674785,NA,1000,100,"interaction","25","stratified_combined"
0.402439024390244,0.563876651982379,0.0733333333333333,0.142222222222222,0.98,0.99,-1.76523326710354,2.23746584416513,NA,1000,100,"interaction","26","stratified_combined"
0.244094488188976,0.528571428571429,0.0344444444444444,0.123333333333333,0.96,0.99,-1.57078827315069,2.06663871817446,NA,1000,100,"interaction","27","stratified_combined"
0.309352517985612,0.524509803921569,0.0477777777777778,0.118888888888889,0.96,0.97,-1.34511106947844,1.88292607593266,NA,1000,100,"interaction","28","stratified_combined"
0.379746835443038,0.547945205479452,0.0667408231368187,0.133481646273637,0.98,0.99,-1.62093330935774,2.14545107323447,NA,999,100,"interaction","29","stratified_combined"
0.369426751592357,0.54954954954955,0.0644444444444444,0.135555555555556,0.99,1,-1.78419399093109,2.24103938553541,NA,1000,100,"interaction","3","stratified_combined"
0.342105263157895,0.541284403669725,0.0577777777777778,0.131111111111111,1,1,-1.71352034948237,2.15848819207054,NA,1000,100,"interaction","30","stratified_combined"
0.19672131147541,0.443820224719101,0.0266666666666667,0.0877777777777778,0.98,0.99,-1.59200617399436,2.10108804045293,NA,1000,100,"interaction","31","stratified_combined"
0.36,0.548387096774194,0.06,0.132222222222222,0.96,0.98,-1.63060255915185,2.10731887303282,NA,1000,100,"interaction","32","stratified_combined"
0.217741935483871,0.459016393442623,0.03,0.0933333333333333,0.97,0.99,-1.55280331213519,2.03735979864158,NA,1000,100,"interaction","33","stratified_combined"
0.317241379310345,0.5260663507109,0.0511111111111111,0.123333333333333,0.99,1,-1.51902820053817,2.04689897471218,NA,1000,100,"interaction","34","stratified_combined"
0.410714285714286,0.54954954954955,0.0766666666666667,0.135555555555556,0.99,1,-1.93374206654045,2.33806123864897,NA,1000,100,"interaction","35","stratified_combined"
0.359477124183007,0.551569506726457,0.0611790878754171,0.136818687430478,0.98,1,-1.6803027851289,2.16442426332957,NA,999,100,"interaction","36","stratified_combined"
0.288888888888889,0.447513812154696,0.0433333333333333,0.09,0.96,1,-1.43203476319238,1.99151613502031,NA,1000,100,"interaction","37","stratified_combined"
0.417177914110429,0.559471365638767,0.0755555555555556,0.141111111111111,0.95,1,-1.49440173259962,2.00358040433749,NA,1000,100,"interaction","38","stratified_combined"
0.220472440944882,0.481865284974093,0.0311111111111111,0.103333333333333,0.99,1,-1.64365157963984,2.09970999644751,NA,1000,100,"interaction","39","stratified_combined"
0.24812030075188,0.46524064171123,0.0366666666666667,0.0966666666666667,1,1,-1.60642742340475,2.10862185857375,NA,1000,100,"interaction","4","stratified_combined"
0.307692307692308,0.504950495049505,0.0488888888888889,0.113333333333333,0.99,1,-1.46597354213865,2.02243879947882,NA,1000,100,"interaction","40","stratified_combined"
0.303703703703704,0.507692307692308,0.0455555555555556,0.11,0.94,0.96,-1.40639314532953,1.94663272142402,NA,1000,100,"interaction","41","stratified_combined"
0.296296296296296,0.494736842105263,0.0444444444444444,0.104444444444444,0.95,0.96,-1.20391167648961,1.73055388644691,NA,1000,100,"interaction","42","stratified_combined"
0.183333333333333,0.411764705882353,0.0244444444444444,0.0777777777777778,0.98,1,-1.68463768347485,2.15918253336333,NA,1000,100,"interaction","43","stratified_combined"
0.384615384615385,0.530805687203792,0.0667408231368187,0.124582869855395,0.96,0.99,-2.0282104070471,2.38091865154413,NA,999,100,"interaction","44","stratified_combined"
0.330985915492958,0.546728971962617,0.0522222222222222,0.13,0.95,0.97,-1.58446955038063,2.09526432879869,NA,1000,100,"interaction","45","stratified_combined"
0.357142857142857,0.556053811659193,0.0611111111111111,0.137777777777778,0.99,0.99,-1.50740907549085,2.01417638308905,NA,1000,100,"interaction","46","stratified_combined"
0.2,0.45,0.0266963292547275,0.0901001112347052,0.96,0.99,-1.35197114276638,1.89750095744463,NA,999,100,"interaction","47","stratified_combined"
0.414201183431953,0.576271186440678,0.0777777777777778,0.151111111111111,0.99,1,-1.65096828468876,2.16654783978572,NA,1000,100,"interaction","48","stratified_combined"
0.3875,0.537383177570093,0.0688888888888889,0.127777777777778,0.98,0.99,-1.70275576388687,2.15137610706996,NA,1000,100,"interaction","49","stratified_combined"
0.382165605095541,0.528301886792453,0.0666666666666667,0.124444444444444,0.97,1,-1.54899827580648,2.05500309448459,NA,1000,100,"interaction","5","stratified_combined"
0.333333333333333,0.521739130434783,0.0544444444444444,0.12,0.98,0.99,-1.69344841761903,2.16558466848108,NA,1000,100,"interaction","50","stratified_combined"
0.445714285714286,0.579831932773109,0.0866666666666667,0.153333333333333,0.97,1,-1.63151488972754,2.13700707770739,NA,1000,100,"interaction","6","stratified_combined"
0.272727272727273,0.444444444444444,0.0400444938820912,0.0889877641824249,0.96,1,-1.62595522699623,2.10807163308636,NA,999,100,"interaction","7","stratified_combined"
0.288888888888889,0.492307692307692,0.0433815350389321,0.10678531701891,0.96,0.99,-1.55080775980931,2.05252157387991,NA,999,100,"interaction","8","stratified_combined"
0.213114754098361,0.461111111111111,0.0288888888888889,0.0922222222222222,0.96,0.97,-1.32872840064346,1.90738122474488,NA,1000,100,"interaction","9","stratified_combined"
